alpha_2_code,alpha_3_code,numeric_code,language,language_alpha_3_code,short_name,short_name_uppercase,full_name
"AD","AND","020","en","eng","Andorra","ANDORRA","the Principality of Andorra"
"AD","AND","020","fr","fra","Andorre (l')","ANDORRE","la Principauté d'Andorre"
"AD","AND","020","ca","cat","Andorra","Andorra",""
"AE","ARE","784","en","eng","United Arab Emirates (the)","UNITED ARAB EMIRATES","the United Arab Emirates"
"AE","ARE","784","fr","fra","Émirats arabes unis (les)","ÉMIRATS ARABES UNIS","les Émirats arabes unis"
"AE","ARE","784","ar","ara","Al Imārāt","Al Imārāt",""
"AF","AFG","004","en","eng","Afghanistan","AFGHANISTAN","the Islamic Republic of Afghanistan"
"AF","AFG","004","fr","fra","Afghanistan (l')","AFGHANISTAN","la République islamique d'Afghanistan"
"AF","AFG","004","fa","fas","Afghānistān","Afghānistān",""
"AF","AFG","004","ps","pus","Afghānistān","Afghānistān",""
"AG","ATG","028","en","eng","Antigua and Barbuda","ANTIGUA AND BARBUDA",""
"AG","ATG","028","fr","fra","Antigua-et-Barbuda","ANTIGUA-ET-BARBUDA",""
"AI","AIA","660","en","eng","Anguilla","ANGUILLA",""
"AI","AIA","660","fr","fra","Anguilla","ANGUILLA",""
"AI","AFI","","en","eng","French Afars and Issas","FRENCH AFARS AND ISSAS",""
"AI","AFI","","fr","fra","Afars et Issas","AFARS ET ISSAS",""
"AL","ALB","008","en","eng","Albania","ALBANIA","the Republic of Albania"
"AL","ALB","008","fr","fra","Albanie (l')","ALBANIE","la République d'Albanie"
"AL","ALB","008","sq","sqi","Shqipëria; Shqipëri","Shqipëria; Shqipëri",""
"AM","ARM","051","en","eng","Armenia","ARMENIA","the Republic of Armenia"
"AM","ARM","051","fr","fra","Arménie (l')","ARMÉNIE","la République d'Arménie"
"AM","ARM","051","hy","hye","Hayastan","Hayastan",""
"AN","ANT","530","en","eng","Netherlands Antilles","Netherlands Antilles",""
"AN","ANT","530","fr","fra","Antilles néerlandaises (les ) ","ANTILLES NÉERLANDAISES (LES ) ",""
"AO","AGO","024","en","eng","Angola","ANGOLA","the Republic of Angola"
"AO","AGO","024","fr","fra","Angola (l')","ANGOLA","la République d'Angola"
"AO","AGO","024","pt","por","Angola","Angola",""
"AQ","ATA","010","en","eng","Antarctica","ANTARCTICA",""
"AQ","ATA","010","fr","fra","Antarctique (l')","ANTARCTIQUE",""
"AR","ARG","032","en","eng","Argentina","ARGENTINA","the Argentine Republic"
"AR","ARG","032","fr","fra","Argentine (l')","ARGENTINE","la République argentine"
"AR","ARG","032","es","spa","Argentina (la)","Argentina (la)",""
"AS","ASM","016","en","eng","American Samoa","AMERICAN SAMOA",""
"AS","ASM","016","fr","fra","Samoa américaines (les)","SAMOA AMÉRICAINES",""
"AT","AUT","040","en","eng","Austria","AUSTRIA","the Republic of Austria"
"AT","AUT","040","fr","fra","Autriche (l')","AUTRICHE","la République d'Autriche"
"AT","AUT","040","de","deu","Österreich","Österreich",""
"AU","AUS","036","en","eng","Australia","AUSTRALIA",""
"AU","AUS","036","fr","fra","Australie (l')","AUSTRALIE",""
"AW","ABW","533","en","eng","Aruba","ARUBA",""
"AW","ABW","533","fr","fra","Aruba","ARUBA",""
"AW","ABW","533","nl","nld","Aruba","ARUBA",""
"AW","ABW","533","","pap","Aruba","ARUBA",""
"AX","ALA","248","en","eng","Åland Islands","ÅLAND ISLANDS",""
"AX","ALA","248","fr","fra","Åland(les Îles)","ÅLAND, ÎLES",""
"AX","ALA","248","sv","swe","Åland","Åland",""
"AZ","AZE","031","en","eng","Azerbaijan","AZERBAIJAN","the Republic of Azerbaijan"
"AZ","AZE","031","fr","fra","Azerbaïdjan (l')","AZERBAÏDJAN","la République d'Azerbaïdjan"
"AZ","AZE","031","az","aze","Azərbaycan","Azərbaycan",""
"BA","BIH","070","bs","bos","Bosna i Hercegovina","Bosna i Hercegovina",""
"BA","BIH","070","en","eng","Bosnia and Herzegovina","BOSNIA AND HERZEGOVINA",""
"BA","BIH","070","fr","fra","Bosnie-Herzégovine (la)","BOSNIE-HERZÉGOVINE",""
"BA","BIH","070","hr","hrv","Bosna i Hercegovina","Bosna i Hercegovina",""
"BA","BIH","070","sr","srp","Bosna i Hercegovina","Bosna i Hercegovina",""
"BB","BRB","052","en","eng","Barbados","BARBADOS",""
"BB","BRB","052","fr","fra","Barbade (la)","BARBADE",""
"BD","BGD","050","en","eng","Bangladesh","BANGLADESH","the People's Republic of Bangladesh"
"BD","BGD","050","fr","fra","Bangladesh (le)","BANGLADESH","la République populaire du Bangladesh"
"BD","BGD","050","bn","ben","Bāṁlādesh","Bāṁlādesh",""
"BE","BEL","056","en","eng","Belgium","BELGIUM","the Kingdom of Belgium"
"BE","BEL","056","fr","fra","Belgique (la)","BELGIQUE","le Royaume de Belgique"
"BE","BEL","056","de","deu","Belgien","Belgien",""
"BE","BEL","056","nl","nld","België","België",""
"BF","BFA","854","fr","fra","Burkina Faso (le)","BURKINA FASO","le Burkina Faso"
"BF","BFA","854","en","eng","Burkina Faso","BURKINA FASO",""
"BG","BGR","100","en","eng","Bulgaria","BULGARIA","the Republic of Bulgaria"
"BG","BGR","100","fr","fra","Bulgarie (la)","BULGARIE","la République de Bulgarie"
"BG","BGR","100","bg","bul","Bulgaria","Bulgaria",""
"BH","BHR","048","en","eng","Bahrain","BAHRAIN","the Kingdom of Bahrain"
"BH","BHR","048","fr","fra","Bahreïn","BAHREÏN","le Royaume de Bahreïn"
"BH","BHR","048","ar","ara","Al Baḩrayn","Al Baḩrayn",""
"BI","BDI","108","en","eng","Burundi","BURUNDI","the Republic of Burundi"
"BI","BDI","108","fr","fra","Burundi (le)","BURUNDI","la République du Burundi"
"BI","BDI","108","rn","run","Burundi","Burundi",""
"BJ","BEN","204","en","eng","Benin","BENIN","the Republic of Benin"
"BJ","BEN","204","fr","fra","Bénin (le)","BÉNIN","la République du Bénin"
"BL","BLM","652","en","eng","Saint Barthélemy","SAINT BARTHÉLEMY",""
"BL","BLM","652","fr","fra","Saint-Barthélemy","SAINT-BARTHÉLEMY",""
"BM","BMU","060","en","eng","Bermuda","BERMUDA",""
"BM","BMU","060","fr","fra","Bermudes (les)","BERMUDES",""
"BN","BRN","096","en","eng","Brunei Darussalam","BRUNEI DARUSSALAM",""
"BN","BRN","096","fr","fra","Brunéi Darussalam (le)","BRUNEI DARUSSALAM",""
"BN","BRN","096","ms","msa","Negara Brunei Darussalam","Negara Brunei Darussalam",""
"BO","BOL","068","en","eng","Bolivia (Plurinational State of)","BOLIVIA (PLURINATIONAL STATE OF)","the Plurinational State of Bolivia"
"BO","BOL","068","fr","fra","Bolivie (État plurinational de)","BOLIVIE (ÉTAT PLURINATIONAL DE)","l'État plurinational de Bolivie"
"BO","BOL","068","es","spa","Bolivia,  Estado Plurinacional de","Bolivia, Estado Plurinacional de",""
"BQ","BES","535","en","eng","Bonaire, Sint Eustatius and Saba","BONAIRE, SINT EUSTATIUS AND SABA",""
"BQ","BES","535","fr","fra","Bonaire, Saint-Eustache et Saba","BONAIRE, SAINT-EUSTACHE ET SABA",""
"BQ","BES","535","nl","nld","Bonaire, Sint Eustatius en Saba","Bonaire, Sint Eustatius en Saba",""
"BQ","BES","535","","pap","Boneiru, Sint Eustatius y Saba","Boneiru, Sint Eustatius y Saba",""
"BQ","ATB","","en","eng","British Antarctic Territory","BRITISH ANTARCTIC TERRITORY",""
"BQ","ATB","","fr","fra","Antarctique, Territoire britannique de l'","ANTARCTIQUE, TERRITOIRE BRITANNIQUE DE L'",""
"BR","BRA","076","en","eng","Brazil","BRAZIL","the Federative Republic of Brazil"
"BR","BRA","076","fr","fra","Brésil (le)","BRÉSIL","la République fédérative du Brésil"
"BR","BRA","076","pt","por","Brasil (o)","Brasil (o)",""
"BS","BHS","044","en","eng","Bahamas (the)","BAHAMAS","the Commonwealth of the Bahamas"
"BS","BHS","044","fr","fra","Bahamas (les)","BAHAMAS","le Commonwealth des Bahamas"
"BT","BTN","064","en","eng","Bhutan","BHUTAN","the Kingdom of Bhutan"
"BT","BTN","064","fr","fra","Bhoutan (le)","BHOUTAN","le Royaume du Bhoutan"
"BT","BTN","064","dz","dzo","Druk-Yul","Druk-Yul",""
"BU","BUR","104","en","eng","Burma","Burma",""
"BU","BUR","104","fr","fra","Birmanie","BIRMANIE",""
"BV","BVT","074","en","eng","Bouvet Island","BOUVET ISLAND",""
"BV","BVT","074","fr","fra","Bouvet (l'Île)","BOUVET, ÎLE",""
"BV","BVT","074","nn","nno","Bouvetøya","Bouvetøya",""
"BV","BVT","074","nb","nob","Bouvetøya","Bouvetøya",""
"BW","BWA","072","en","eng","Botswana","BOTSWANA","the Republic of Botswana"
"BW","BWA","072","fr","fra","Botswana (le)","BOTSWANA","la République du Botswana"
"BY","BYS","112","en","eng","Byelorussian SSR","BYELORUSSIAN SSR",""
"BY","BYS","112","fr","fra","Biélorussie, RSS de","BIÉLORUSSIE, RSS DE",""
"BY","BLR","112","en","eng","Belarus","BELARUS","the Republic of Belarus"
"BY","BLR","112","fr","fra","Bélarus (le)","BÉLARUS","la République du Bélarus"
"BY","BLR","112","be","bel","Bielaruś","Bielaruś",""
"BY","BLR","112","ru","rus","Belarus'","Belarus'",""
"BZ","BLZ","084","en","eng","Belize","BELIZE",""
"BZ","BLZ","084","fr","fra","Belize (le)","BELIZE",""
"CA","CAN","124","en","eng","Canada","CANADA",""
"CA","CAN","124","fr","fra","Canada (le)","CANADA",""
"CC","CCK","166","en","eng","Cocos (Keeling) Islands (the)","COCOS (KEELING) ISLANDS",""
"CC","CCK","166","fr","fra","Cocos (les Îles)/ Keeling (les Îles)","COCOS (KEELING), ÎLES",""
"CD","COD","180","en","eng","Congo (the Democratic Republic of the)","CONGO, DEMOCRATIC REPUBLIC OF THE","the Democratic Republic of the Congo"
"CD","COD","180","fr","fra","Congo (la République démocratique du)","CONGO, RÉPUBLIQUE DÉMOCRATIQUE DU","la République démocratique du Congo"
"CF","CAF","140","en","eng","Central African Republic (the)","CENTRAL AFRICAN REPUBLIC","the Central African Republic"
"CF","CAF","140","fr","fra","République centrafricaine (la)","CENTRAFRICAINE, RÉPUBLIQUE","la République centrafricaine"
"CF","CAF","140","sg","sag","Ködörösêse tî Bêafrîka","Ködörösêse tî Bêafrîka",""
"CG","COG","178","en","eng","Congo (the)","CONGO","the Republic of the Congo"
"CG","COG","178","fr","fra","Congo (le)","CONGO","la République du Congo"
"CH","CHE","756","en","eng","Switzerland","SWITZERLAND","the Swiss Confederation"
"CH","CHE","756","fr","fra","Suisse (la)","SUISSE","la Confédération suisse"
"CH","CHE","756","de","deu","Schweiz (die)","Schweiz (die)",""
"CH","CHE","756","it","ita","Svizzera (la)","Svizzera (la)",""
"CH","CHE","756","rm","roh","Svizra (la)","Svizra (la)",""
"CI","CIV","384","en","eng","Côte d'Ivoire","CÔTE D'IVOIRE","the Republic of Côte d'Ivoire"
"CI","CIV","384","fr","fra","Côte d'Ivoire (la)","CÔTE D'IVOIRE","la Republic de Côte d'Ivoire"
"CK","COK","184","en","eng","Cook Islands (the)","COOK ISLANDS",""
"CK","COK","184","fr","fra","Cook (les Îles)","COOK, ÎLES",""
"CL","CHL","152","en","eng","Chile","CHILE","the Republic of Chile"
"CL","CHL","152","fr","fra","Chili (le)","CHILI","la République du Chili"
"CL","CHL","152","es","spa","Chile","Chile",""
"CM","CMR","120","en","eng","Cameroon","CAMEROON","the Republic of Cameroon"
"CM","CMR","120","fr","fra","Cameroun (le)","CAMEROUN","la République du Cameroun"
"CN","CHN","156","en","eng","China","CHINA","the People's Republic of China"
"CN","CHN","156","fr","fra","Chine (la)","CHINE","la République populaire de Chine"
"CN","CHN","156","zh","zho","Zhongguo","Zhongguo",""
"CO","COL","170","en","eng","Colombia","COLOMBIA","the Republic of Colombia"
"CO","COL","170","fr","fra","Colombie (la)","COLOMBIE","la République de Colombie"
"CO","COL","170","es","spa","Colombia","Colombia",""
"CR","CRI","188","en","eng","Costa Rica","COSTA RICA","the Republic of Costa Rica"
"CR","CRI","188","fr","fra","Costa Rica (le)","COSTA RICA","la République du Costa Rica"
"CR","CRI","188","es","spa","Costa Rica","Costa Rica",""
"CS","CSK","200","en","eng","Czechoslovakia","CZECHOSLOVAKIA",""
"CS","CSK","200","fr","fra","Tchécoslovaquie","TCHÉCOSLOVAQUIE",""
"CS","SCG","891","en","eng","Serbia and Montenegro","SERBIA AND MONTENEGRO",""
"CS","SCG","891","fr","fra","Serbie-et-Monténégro","SERBIE-ET-MONTÉNÉGRO",""
"CT","CTE","128","en","eng","Canton and Enderbury Islands","CANTON AND ENDERBURY ISLANDS",""
"CT","CTE","128","fr","fra","Canton et Enderbury, Îles","CANTON ET ENDERBURY, ÎLES",""
"CU","CUB","192","en","eng","Cuba","CUBA","the Republic of Cuba"
"CU","CUB","192","fr","fra","Cuba","CUBA","la République de Cuba"
"CU","CUB","192","es","spa","Cuba","Cuba",""
"CV","CPV","132","en","eng","Cabo Verde","CABO VERDE","the Republic of Cabo Verde"
"CV","CPV","132","fr","fra","Cabo Verde","CABO VERDE","la République du Cabo Verde"
"CV","CPV","132","pt","por","Cabo Verde","Cabo Verde",""
"CW","CUW","531","en","eng","Curaçao","CURAÇAO",""
"CW","CUW","531","fr","fra","Curaçao","CURAÇAO",""
"CW","CUW","531","nl","nld","Curaçao","Curaçao",""
"CW","CUW","531","","pap","Kòrsou","Kòrsou",""
"CX","CXR","162","en","eng","Christmas Island","CHRISTMAS ISLAND",""
"CX","CXR","162","fr","fra","Christmas (l'Île)","CHRISTMAS, ÎLE",""
"CY","CYP","196","en","eng","Cyprus","CYPRUS","the Republic of Cyprus"
"CY","CYP","196","fr","fra","Chypre","CHYPRE","la République de Chypre"
"CY","CYP","196","el","ell","Kýpros","Kýpros",""
"CY","CYP","196","tr","tur","Kıbrıs","Kıbrıs",""
"CZ","CZE","203","en","eng","Czechia","CZECHIA","the Czech Republic"
"CZ","CZE","203","fr","fra","Tchéquie (la)","TCHÉQUIE (LA)","la République tchèque"
"CZ","CZE","203","cs","ces","Česko","Česko",""
"DD","DDR","278","en","eng","German Democratic Republic","GERMAN DEMOCRATIC REPUBLIC",""
"DD","DDR","278","fr","fra","Allemande, République démocratique","ALLEMANDE, RÉPUBLIQUE DÉMOCRATIQUE",""
"DE","DEU","276","en","eng","Germany","GERMANY","the Federal Republic of Germany"
"DE","DEU","276","fr","fra","Allemagne (l')","ALLEMAGNE","la République fédérale d'Allemagne"
"DE","DEU","276","de","deu","Deutschland","Deutschland",""
"DJ","DJI","262","en","eng","Djibouti","DJIBOUTI","the Republic of Djibouti"
"DJ","DJI","262","fr","fra","Djibouti","DJIBOUTI","la République de Djibouti"
"DJ","DJI","262","ar","ara","Jībūtī","Jībūtī",""
"DK","DNK","208","en","eng","Denmark","DENMARK","the Kingdom of Denmark"
"DK","DNK","208","fr","fra","Danemark (le)","DANEMARK","le Royaume du Danemark"
"DK","DNK","208","da","dan","Danmark","Danmark",""
"DM","DMA","212","en","eng","Dominica","DOMINICA","the Commonwealth of Dominica"
"DM","DMA","212","fr","fra","Dominique (la)","DOMINIQUE","le Commonwealth de Dominique"
"DO","DOM","214","en","eng","Dominican Republic (the)","DOMINICAN REPUBLIC","the Dominican Republic"
"DO","DOM","214","fr","fra","dominicaine (la République)","DOMINICAINE, RÉPUBLIQUE","la République dominicaine"
"DO","DOM","214","es","spa","República Dominicana (la)","República Dominicana (la)",""
"DY","DHY","","en","eng","Dahomey","DAHOMEY",""
"DY","DHY","","fr","fra","Dahomey","DAHOMEY",""
"DZ","DZA","012","en","eng","Algeria","ALGERIA","the People's Democratic Republic of Algeria"
"DZ","DZA","012","fr","fra","Algérie (l')","ALGÉRIE","la République algérienne démocratique et populaire"
"DZ","DZA","012","ar","ara","Al Jazā'ir","Al Jazā'ir",""
"EC","ECU","218","en","eng","Ecuador","ECUADOR","the Republic of Ecuador"
"EC","ECU","218","fr","fra","Équateur (l')","ÉQUATEUR","la République d'Équateur"
"EC","ECU","218","es","spa","Ecuador (el)","Ecuador (el)",""
"EE","EST","233","en","eng","Estonia","ESTONIA","the Republic of Estonia"
"EE","EST","233","fr","fra","Estonie (l')","ESTONIE","la République d'Estonie"
"EE","EST","233","et","est","Eesti","Eesti",""
"EG","EGY","818","en","eng","Egypt","EGYPT","the Arab Republic of Egypt"
"EG","EGY","818","fr","fra","Égypte (l')","ÉGYPTE","la République arabe d'Égypte"
"EG","EGY","818","ar","ara","Mişr","Mişr",""
"EH","ESH","732","ar","ara","Aş Şaḩrā' al Gharbīyah","Aş Şaḩrā' al Gharbīyah",""
"EH","ESH","732","en","eng","Western Sahara*","WESTERN SAHARA *",""
"EH","ESH","732","fr","fra","Sahara occidental (le)*","SAHARA OCCIDENTAL*",""
"ER","ERI","232","en","eng","Eritrea","ERITREA","the State of Eritrea"
"ER","ERI","232","fr","fra","Érythrée (l')","ÉRYTHRÉE","l'État d'Érythrée"
"ER","ERI","232","ar","ara","Irītrīyā","Irītrīyā",""
"ER","ERI","232","ti","tir","Iertra","Iertra",""
"ES","ESP","724","en","eng","Spain","SPAIN","the Kingdom of Spain"
"ES","ESP","724","fr","fra","Espagne (l')","ESPAGNE","le Royaume d'Espagne"
"ES","ESP","724","es","spa","España","España",""
"ET","ETH","231","en","eng","Ethiopia","ETHIOPIA","the Federal Democratic Republic of Ethiopia"
"ET","ETH","231","fr","fra","Éthiopie (l')","ÉTHIOPIE","la République fédérale démocratique d'Éthiopie"
"ET","ETH","231","am","amh","Ītyop'iya","Ītyop'iya",""
"FI","FIN","246","en","eng","Finland","FINLAND","the Republic of Finland"
"FI","FIN","246","fr","fra","Finlande (la)","FINLANDE","la République de Finlande"
"FI","FIN","246","fi","fin","Suomi","Suomi",""
"FI","FIN","246","sv","swe","Finland","Finland",""
"FJ","FJI","242","en","eng","Fiji","FIJI","the Republic of Fiji"
"FJ","FJI","242","fr","fra","Fidji (les)","FIDJI","la République des Fidji"
"FJ","FJI","242","fj","fij","Viti","Viti",""
"FK","FLK","238","en","eng","Falkland Islands (the) [Malvinas]","FALKLAND ISLANDS (MALVINAS)",""
"FK","FLK","238","fr","fra","Falkland (les Îles)/Malouines (les Îles)","FALKLAND, ÎLES (MALVINAS)",""
"FM","FSM","583","en","eng","Micronesia (Federated States of)","MICRONESIA (FEDERATED STATES OF)","the Federated States of Micronesia"
"FM","FSM","583","fr","fra","Micronésie (États fédérés de)","MICRONÉSIE (ÉTATS FÉDÉRÉS DE)","les États fédérés de Micronésie"
"FO","FRO","234","da","dan","Færøerne","Færøerne",""
"FO","FRO","234","en","eng","Faroe Islands (the)","FAROE ISLANDS",""
"FO","FRO","234","fo","fao","Føroyar","Føroyar",""
"FO","FRO","234","fr","fra","Féroé (les Îles)","FÉROÉ, ÎLES",""
"FQ","ATF","","en","eng","French Southern and Antarctic Territories","FRENCH SOUTHERN AND ANTARCTIC TERRITORIES",""
"FQ","ATF","","fr","fra","Australes et Antarctiques françaises, Terres","AUSTRALES ET ANTARCTIQUES FRANÇAISES, TERRES",""
"FR","FRA","250","en","eng","France","FRANCE","the French Republic"
"FR","FRA","250","fr","fra","France (la)","FRANCE","la République française"
"FX","FXX","249","en","eng","France, Metropolitan","France, Metropolitan",""
"FX","FXX","249","fr","fra","France, Metropolitaine","FRANCE, METROPOLITAINE",""
"GA","GAB","266","en","eng","Gabon","GABON","the Gabonese Republic"
"GA","GAB","266","fr","fra","Gabon (le)","GABON","la République gabonaise"
"GB","GBR","826","en","eng","United Kingdom of Great Britain and Northern Ireland (the)","UNITED KINGDOM OF GREAT BRITAIN AND NORTHERN IRELAND","the United Kingdom of Great Britain and Northern Ireland"
"GB","GBR","826","fr","fra","Royaume-Uni de Grande-Bretagne et d'Irlande du Nord (le)","ROYAUME-UNI DE GRANDE-BRETAGNE ET D'IRLANDE DU NORD","le Royaume-Uni de Grande-Bretagne et d'Irlande du Nord"
"GD","GRD","308","en","eng","Grenada","GRENADA",""
"GD","GRD","308","fr","fra","Grenade (la)","GRENADE",""
"GE","GEO","268","en","eng","Georgia","GEORGIA",""
"GE","GEO","268","fr","fra","Géorgie (la)","GÉORGIE",""
"GE","GEO","268","ka","kat","Sakartvelo","Sakartvelo",""
"GE","GEL","","en","eng","Gilbert and Ellice Islands","GILBERT AND ELLICE ISLANDS",""
"GE","GEL","","fr","fra","Gilbert et Ellice, Îles","GILBERT ET ELLICE, ÎLES",""
"GF","GUF","254","en","eng","French Guiana","FRENCH GUIANA",""
"GF","GUF","254","fr","fra","Guyane française (la )","GUYANE FRANÇAISE",""
"GG","GGY","831","en","eng","Guernsey","GUERNSEY",""
"GG","GGY","831","fr","fra","Guernesey","GUERNESEY",""
"GH","GHA","288","en","eng","Ghana","GHANA","the Republic of Ghana"
"GH","GHA","288","fr","fra","Ghana (le)","GHANA","la République du Ghana"
"GI","GIB","292","en","eng","Gibraltar","GIBRALTAR",""
"GI","GIB","292","fr","fra","Gibraltar","GIBRALTAR",""
"GL","GRL","304","da","dan","Grønland","Grønland",""
"GL","GRL","304","en","eng","Greenland","GREENLAND",""
"GL","GRL","304","fr","fra","Groenland (le)","GROENLAND",""
"GL","GRL","304","kl","kal","Kalaallit Nunaat","Kalaallit Nunaat",""
"GM","GMB","270","en","eng","Gambia (the)","GAMBIA","the Republic of the Gambia"
"GM","GMB","270","fr","fra","Gambie (la)","GAMBIE","la République de Gambie"
"GN","GIN","324","en","eng","Guinea","GUINEA","the Republic of Guinea"
"GN","GIN","324","fr","fra","Guinée (la)","GUINÉE","la République de Guinée"
"GP","GLP","312","en","eng","Guadeloupe","GUADELOUPE",""
"GP","GLP","312","fr","fra","Guadeloupe (la)","GUADELOUPE",""
"GQ","GNQ","226","en","eng","Equatorial Guinea","EQUATORIAL GUINEA","the Republic of Equatorial Guinea"
"GQ","GNQ","226","fr","fra","Guinée équatoriale (la)","GUINÉE ÉQUATORIALE","la République de Guinée équatoriale"
"GQ","GNQ","226","pt","por","Guiné Equatorial (a)","Guiné Equatorial (a)",""
"GQ","GNQ","226","es","spa","Guinea Ecuatorial","Guinea Ecuatorial",""
"GR","GRC","300","en","eng","Greece","GREECE","the Hellenic Republic"
"GR","GRC","300","fr","fra","Grèce (la)","GRÈCE","la République hellénique"
"GR","GRC","300","el","ell","Elláda","Elláda",""
"GS","SGS","239","en","eng","South Georgia and the South Sandwich Islands","SOUTH GEORGIA AND THE SOUTH SANDWICH ISLANDS",""
"GS","SGS","239","fr","fra","Géorgie du Sud-et-les Îles Sandwich du Sud (la)","GÉORGIE DU SUD-ET-LES ÎLES SANDWICH DU SUD",""
"GT","GTM","320","en","eng","Guatemala","GUATEMALA","the Republic of Guatemala"
"GT","GTM","320","fr","fra","Guatemala (le)","GUATEMALA","la République du Guatemala"
"GT","GTM","320","es","spa","Guatemala","Guatemala",""
"GU","GUM","316","en","eng","Guam","GUAM",""
"GU","GUM","316","fr","fra","Guam","GUAM",""
"GW","GNB","624","en","eng","Guinea-Bissau","GUINEA-BISSAU","the Republic of Guinea-Bissau"
"GW","GNB","624","fr","fra","Guinée-Bissau (la)","GUINÉE-BISSAU","la République de Guinée-Bissau"
"GW","GNB","624","pt","por","Guiné-Bissau (a)","Guiné-Bissau (a)",""
"GY","GUY","328","en","eng","Guyana","GUYANA","the Co-operative Republic of Guyana"
"GY","GUY","328","fr","fra","Guyana (le)","GUYANA","la République coopérative du Guyana"
"HK","HKG","344","en","eng","Hong Kong","HONG KONG","the Hong Kong Special Administrative Region of China"
"HK","HKG","344","fr","fra","Hong Kong","HONG KONG","Hong Kong, Région administrative spéciale de Chine (la)"
"HK","HKG","344","zh","zho","Xianggang","Xianggang",""
"HM","HMD","334","fr","fra","Heard-et-Îles MacDonald (l'Île)","HEARD-ET-ÎLES MACDONALD, ÎLE","ll'Île Heard-et-Îles MacDonald"
"HM","HMD","334","en","eng","Heard Island and McDonald Islands","HEARD ISLAND AND MCDONALD ISLANDS",""
"HN","HND","340","en","eng","Honduras","HONDURAS","the Republic of Honduras"
"HN","HND","340","fr","fra","Honduras (le)","HONDURAS","la République du Honduras"
"HN","HND","340","es","spa","Honduras","Honduras",""
"HR","HRV","191","en","eng","Croatia","CROATIA","the Republic of Croatia"
"HR","HRV","191","fr","fra","Croatie (la)","CROATIE","la République de Croatie"
"HR","HRV","191","hr","hrv","Hrvatska","Hrvatska",""
"HT","HTI","332","en","eng","Haiti","HAITI","the Republic of Haiti"
"HT","HTI","332","fr","fra","Haïti","HAÏTI","la République d'Haïti"
"HT","HTI","332","ht","hat","Ayiti","Ayiti",""
"HU","HUN","348","en","eng","Hungary","HUNGARY",""
"HU","HUN","348","fr","fra","Hongrie (la)","HONGRIE",""
"HU","HUN","348","hu","hun","Magyarország","Magyarország",""
"HV","HVO","854","en","eng","Upper Volta","UPPER VOLTA",""
"HV","HVO","854","fr","fra","Haute-Volta","HAUTE-VOLTA",""
"ID","IDN","360","en","eng","Indonesia","INDONESIA","the Republic of Indonesia"
"ID","IDN","360","fr","fra","Indonésie (l')","INDONÉSIE","la République d'Indonésie"
"ID","IDN","360","id","ind","Indonesia","Indonesia",""
"IE","IRL","372","en","eng","Ireland","IRELAND",""
"IE","IRL","372","fr","fra","Irlande (l')","IRLANDE",""
"IE","IRL","372","ga","gle","Éire","Éire",""
"IL","ISR","376","en","eng","Israel","ISRAEL","the State of Israel"
"IL","ISR","376","fr","fra","Israël","ISRAËL","l'État d'Israël"
"IL","ISR","376","ar","ara","Isrā'īl","Isrā'īl",""
"IL","ISR","376","he","heb","Yisra'el","Yisra'el",""
"IM","IMN","833","en","eng","Isle of Man","ISLE OF MAN",""
"IM","IMN","833","fr","fra","Île de Man","ÎLE DE MAN",""
"IN","IND","356","en","eng","India","INDIA","the Republic of India"
"IN","IND","356","fr","fra","Inde (l')","INDE","la République de l'Inde"
"IN","IND","356","hi","hin","Bhārat","Bhārat",""
"IO","IOT","086","fr","fra","Indien (le Territoire britannique de l'océan)","OCÉAN INDIEN, TERRITOIRE BRITANNIQUE DE L'","le Territoire britannique de l'océan Indien"
"IO","IOT","086","en","eng","British Indian Ocean Territory (the)","BRITISH INDIAN OCEAN TERRITORY",""
"IQ","IRQ","368","en","eng","Iraq","IRAQ","the Republic of Iraq"
"IQ","IRQ","368","fr","fra","Iraq (l')","IRAQ","la République d'Iraq"
"IQ","IRQ","368","ar","ara","Al ‘Irāq","Al ‘Irāq",""
"IQ","IRQ","368","ku","kur","‘Êraq","‘Êraq",""
"IR","IRN","364","en","eng","Iran (Islamic Republic of)","IRAN (ISLAMIC REPUBLIC OF)","the Islamic Republic of Iran"
"IR","IRN","364","fr","fra","Iran (République Islamique d')","IRAN (RÉPUBLIQUE ISLAMIQUE D')","la République islamique d'Iran"
"IR","IRN","364","fa","fas","Jomhūrī-ye Eslāmī-ye Īrān","Jomhūrī-ye Eslāmī-ye Īrān",""
"IS","ISL","352","en","eng","Iceland","ICELAND","the Republic of Iceland"
"IS","ISL","352","fr","fra","Islande (l')","ISLANDE","la République d'Islande"
"IS","ISL","352","is","isl","Ísland","Ísland",""
"IT","ITA","380","en","eng","Italy","ITALY","the Republic of Italy"
"IT","ITA","380","fr","fra","Italie (l')","ITALIE","la République italienne"
"IT","ITA","380","it","ita","Italia (l')","Italia (l')",""
"JE","JEY","832","en","eng","Jersey","JERSEY",""
"JE","JEY","832","fr","fra","Jersey","JERSEY",""
"JM","JAM","388","en","eng","Jamaica","JAMAICA",""
"JM","JAM","388","fr","fra","Jamaïque (la)","JAMAÏQUE",""
"JO","JOR","400","en","eng","Jordan","JORDAN","the Hashemite Kingdom of Jordan"
"JO","JOR","400","fr","fra","Jordanie (la)","JORDANIE","le Royaume hachémite de Jordanie"
"JO","JOR","400","ar","ara","Al Urdun","Al Urdun",""
"JP","JPN","392","en","eng","Japan","JAPAN",""
"JP","JPN","392","fr","fra","Japon (le)","JAPON",""
"JP","JPN","392","ja","jpn","Nihon/Nippon","Nihon/Nippon",""
"JT","JTN","396","en","eng","Johnston Island","JOHNSTON ISLAND",""
"JT","JTN","396","fr","fra","Johnston, Île","JOHNSTON, ÎLE",""
"KE","KEN","404","en","eng","Kenya","KENYA","the Republic of Kenya"
"KE","KEN","404","fr","fra","Kenya (le)","KENYA","la République du Kenya"
"KE","KEN","404","sw","swa","Kenya","Kenya",""
"KG","KGZ","417","en","eng","Kyrgyzstan","KYRGYZSTAN","the Kyrgyz Republic"
"KG","KGZ","417","fr","fra","Kirghizistan (le)","KIRGHIZISTAN","la République kirghize"
"KG","KGZ","417","ky","kir","Kyrgyzstan","Kyrgyzstan",""
"KG","KGZ","417","ru","rus","Kyrgyzstan","Kyrgyzstan",""
"KH","KHM","116","en","eng","Cambodia","CAMBODIA","the Kingdom of Cambodia"
"KH","KHM","116","fr","fra","Cambodge (le)","CAMBODGE","le Royaume du Cambodge"
"KH","KHM","116","km","khm","Kâmpŭchéa","Kâmpŭchéa",""
"KI","KIR","296","en","eng","Kiribati","KIRIBATI","the Republic of Kiribati"
"KI","KIR","296","fr","fra","Kiribati","KIRIBATI","la République de Kiribati"
"KI","KIR","296","","gil","Kiribati","Kiribati",""
"KM","COM","174","en","eng","Comoros (the)","COMOROS","the Union of the Comoros"
"KM","COM","174","fr","fra","Comores (les)","COMORES","l'Union des Comores"
"KM","COM","174","","002","Komori","Komori",""
"KM","COM","174","ar","ara","Al Qamar","Al Qamar",""
"KN","KNA","659","en","eng","Saint Kitts and Nevis","SAINT KITTS AND NEVIS",""
"KN","KNA","659","fr","fra","Saint-Kitts-et-Nevis","SAINT-KITTS-ET-NEVIS",""
"KP","PRK","408","en","eng","Korea (the Democratic People's Republic of)","KOREA (DEMOCRATIC PEOPLE'S REPUBLIC OF)","the Democratic People's Republic of Korea"
"KP","PRK","408","fr","fra","Corée (la République populaire démocratique de)","CORÉE, RÉPUBLIQUE POPULAIRE DÉMOCRATIQUE DE","la République populaire démocratique de Corée"
"KP","PRK","408","ko","kor","Chosŏn","Chosŏn",""
"KR","KOR","410","en","eng","Korea (the Republic of)","KOREA, REPUBLIC OF","the Republic of Korea"
"KR","KOR","410","fr","fra","Corée (la République de)","CORÉE, RÉPUBLIQUE DE","la République de Corée"
"KR","KOR","410","ko","kor","Hanguk","Hanguk",""
"KW","KWT","414","en","eng","Kuwait","KUWAIT","the State of Kuwait"
"KW","KWT","414","fr","fra","Koweït (le)","KOWEÏT","l'État du Koweït"
"KW","KWT","414","ar","ara","Al Kuwayt","Al Kuwayt",""
"KY","CYM","136","en","eng","Cayman Islands (the)","CAYMAN ISLANDS",""
"KY","CYM","136","fr","fra","Caïmans (les Îles)","CAÏMANS, ÎLES",""
"KZ","KAZ","398","en","eng","Kazakhstan","KAZAKHSTAN","the Republic of Kazakhstan"
"KZ","KAZ","398","fr","fra","Kazakhstan (le)","KAZAKHSTAN","la République du Kazakhstan"
"KZ","KAZ","398","kk","kaz","Qazaqstan","Qazaqstan",""
"KZ","KAZ","398","ru","rus","Kazahstan","Kazahstan",""
"LA","LAO","418","en","eng","Lao People's Democratic Republic (the)","LAO PEOPLE'S DEMOCRATIC REPUBLIC","the Lao People's Democratic Republic"
"LA","LAO","418","fr","fra","Lao (la République démocratique populaire)","LAO, RÉPUBLIQUE DÉMOCRATIQUE POPULAIRE","la République démocratique populaire lao"
"LA","LAO","418","lo","lao","Sathalanalat Paxathipatai Paxaxôn Lao","Sathalanalat Paxathipatai Paxaxôn Lao",""
"LB","LBN","422","en","eng","Lebanon","LEBANON","the Lebanese Republic"
"LB","LBN","422","fr","fra","Liban (le)","LIBAN","la République libanaise"
"LB","LBN","422","ar","ara","Lubnān","Lubnān",""
"LC","LCA","662","en","eng","Saint Lucia","SAINT LUCIA",""
"LC","LCA","662","fr","fra","Sainte-Lucie","SAINTE-LUCIE",""
"LI","LIE","438","en","eng","Liechtenstein","LIECHTENSTEIN","the Principality of Liechtenstein"
"LI","LIE","438","fr","fra","Liechtenstein (le)","LIECHTENSTEIN","la Principauté du Liechtenstein"
"LI","LIE","438","de","deu","Liechtenstein","Liechtenstein",""
"LK","LKA","144","en","eng","Sri Lanka","SRI LANKA","the Democratic Socialist Republic of Sri Lanka"
"LK","LKA","144","fr","fra","Sri Lanka","SRI LANKA","la République socialiste démocratique du Sri Lanka"
"LK","LKA","144","si","sin","Shrī Laṁkā","Shrī Laṁkā",""
"LK","LKA","144","ta","tam","Ilaṅkai","Ilaṅkai",""
"LR","LBR","430","en","eng","Liberia","LIBERIA","the Republic of Liberia"
"LR","LBR","430","fr","fra","Libéria (le)","LIBÉRIA","la République du Libéria"
"LS","LSO","426","en","eng","Lesotho","LESOTHO","the Kingdom of Lesotho"
"LS","LSO","426","fr","fra","Lesotho (le)","LESOTHO","le Royaume du Lesotho"
"LS","LSO","426","st","sot","Lesotho","Lesotho",""
"LT","LTU","440","en","eng","Lithuania","LITHUANIA","the Republic of Lithuania"
"LT","LTU","440","fr","fra","Lituanie (la)","LITUANIE","la République de Lituanie"
"LT","LTU","440","lt","lit","Lietuva","Lietuva",""
"LU","LUX","442","en","eng","Luxembourg","LUXEMBOURG","the Grand Duchy of Luxembourg"
"LU","LUX","442","fr","fra","Luxembourg (le)","LUXEMBOURG","le Grand-Duché de Luxembourg"
"LU","LUX","442","de","deu","Luxemburg","Luxemburg",""
"LU","LUX","442","lb","ltz","Lëtzebuerg","Lëtzebuerg",""
"LV","LVA","428","en","eng","Latvia","LATVIA","the Republic of Latvia"
"LV","LVA","428","fr","fra","Lettonie (la)","LETTONIE","la République de Lettonie"
"LV","LVA","428","lv","lav","Latvija","Latvija",""
"LY","LBY","434","en","eng","Libya","LIBYA","the State of Libya"
"LY","LBY","434","fr","fra","Libye (la)","LIBYE","l'État de Libye"
"LY","LBY","434","ar","ara","Lībiyā","Lībiyā",""
"MA","MAR","504","en","eng","Morocco","MOROCCO","the Kingdom of Morocco"
"MA","MAR","504","fr","fra","Maroc (le)","MAROC","le Royaume du Maroc"
"MA","MAR","504","ar","ara","Al Maghrib","Al Maghrib",""
"MC","MCO","492","en","eng","Monaco","MONACO","the Principality of Monaco"
"MC","MCO","492","fr","fra","Monaco","MONACO","la Principauté de Monaco"
"MD","MDA","498","en","eng","Moldova (the Republic of)","MOLDOVA, REPUBLIC OF","the Republic of Moldova"
"MD","MDA","498","fr","fra","Moldova (la République de)","MOLDOVA, RÉPUBLIQUE DE","la République de Moldova"
"MD","MDA","498","ro","ron","Republica Moldova","Republica Moldova",""
"ME","MNE","499","fr","fra","Monténégro (le)","MONTÉNÉGRO","Monténégro (le)"
"ME","MNE","499","","cnr","Crna Gora","Crna Gora",""
"ME","MNE","499","en","eng","Montenegro","MONTENEGRO",""
"MF","MAF","663","en","eng","Saint Martin (French part)","SAINT MARTIN (FRENCH PART)",""
"MF","MAF","663","fr","fra","Saint-Martin (partie française)","SAINT-MARTIN (PARTIE FRANÇAISE)",""
"MG","MDG","450","en","eng","Madagascar","MADAGASCAR","the Republic of Madagascar"
"MG","MDG","450","fr","fra","Madagascar","MADAGASCAR","la République de Madagascar"
"MG","MDG","450","mg","mlg","Madagasikara","Madagasikara",""
"MH","MHL","584","en","eng","Marshall Islands (the)","MARSHALL ISLANDS","the Republic of the Marshall Islands"
"MH","MHL","584","fr","fra","Marshall (les Îles)","MARSHALL, ÎLES","la République des Îles Marshall"
"MH","MHL","584","mh","mah","Aelōn̄ in M̧ajeļ","Aelōn̄ in M̧ajeļ",""
"MI","MID","488","en","eng","Midway Islands","MIDWAY ISLANDS",""
"MI","MID","488","fr","fra","Midway, Îles","MIDWAY, ÎLES",""
"MK","MKD","807","en","eng","North Macedonia","NORTH MACEDONIA","the Republic of North Macedonia"
"MK","MKD","807","fr","fra","Macédoine du Nord (la)","MACÉDOINE DU NORD","la République de Macédoine du Nord"
"MK","MKD","807","mk","mkd","Severna Makedonija","Severna Makedonija",""
"ML","MLI","466","en","eng","Mali","MALI","the Republic of Mali"
"ML","MLI","466","fr","fra","Mali (le)","MALI","la République du Mali"
"MM","MMR","104","en","eng","Myanmar","MYANMAR","the Republic of the Union of Myanmar"
"MM","MMR","104","fr","fra","Myanmar (le)","MYANMAR","la République de l'Union du Myanmar"
"MM","MMR","104","my","mya","Myanma","Myanma",""
"MN","MNG","496","en","eng","Mongolia","MONGOLIA",""
"MN","MNG","496","fr","fra","Mongolie (la)","MONGOLIE",""
"MN","MNG","496","mn","mon","Mongol","Mongol",""
"MO","MAC","446","en","eng","Macao","MACAO","Macao Special Administrative Region of China"
"MO","MAC","446","fr","fra","Macao","MACAO","Macao, Région administrative spéciale de Chine"
"MO","MAC","446","pt","por","Macau","Macau",""
"MO","MAC","446","zh","zho","Aomen","Aomen",""
"MP","MNP","580","en","eng","Northern Mariana Islands (the)","NORTHERN MARIANA ISLANDS","the Commonwealth of the Northern Mariana Islands"
"MP","MNP","580","fr","fra","Mariannes du Nord (les Îles)","MARIANNES DU NORD, ÎLES","les Îles Mariannes du Nord"
"MQ","MTQ","474","en","eng","Martinique","MARTINIQUE",""
"MQ","MTQ","474","fr","fra","Martinique (la)","MARTINIQUE",""
"MR","MRT","478","en","eng","Mauritania","MAURITANIA","the Islamic Republic of Mauritania"
"MR","MRT","478","fr","fra","Mauritanie (la)","MAURITANIE","la République islamique de Mauritanie"
"MR","MRT","478","ar","ara","Mūrītāniyā","Mūrītāniyā",""
"MS","MSR","500","en","eng","Montserrat","MONTSERRAT",""
"MS","MSR","500","fr","fra","Montserrat","MONTSERRAT",""
"MT","MLT","470","en","eng","Malta","MALTA","the Republic of Malta"
"MT","MLT","470","fr","fra","Malte","MALTE","la République de Malte"
"MT","MLT","470","mt","mlt","Malta","Malta",""
"MU","MUS","480","en","eng","Mauritius","MAURITIUS","the Republic of Mauritius"
"MU","MUS","480","fr","fra","Maurice","MAURICE","la République de Maurice"
"MV","MDV","462","en","eng","Maldives","MALDIVES","the Republic of Maldives"
"MV","MDV","462","fr","fra","Maldives (les)","MALDIVES","la République des Maldives"
"MV","MDV","462","dv","div","Dhivehi Raajje","Dhivehi Raajje",""
"MW","MWI","454","en","eng","Malawi","MALAWI","the Republic of Malawi"
"MW","MWI","454","fr","fra","Malawi (le)","MALAWI","la République du Malawi"
"MW","MWI","454","ny","nya","Malaŵi","Malaŵi",""
"MX","MEX","484","en","eng","Mexico","MEXICO","the United Mexican States"
"MX","MEX","484","fr","fra","Mexique (le)","MEXIQUE","les États-Unis du Mexique"
"MX","MEX","484","es","spa","México","México",""
"MY","MYS","458","en","eng","Malaysia","MALAYSIA",""
"MY","MYS","458","fr","fra","Malaisie (la)","MALAISIE",""
"MY","MYS","458","ms","msa","Malaysia","Malaysia",""
"MZ","MOZ","508","en","eng","Mozambique","MOZAMBIQUE","the Republic of Mozambique"
"MZ","MOZ","508","fr","fra","Mozambique (le)","MOZAMBIQUE","la République du Mozambique"
"MZ","MOZ","508","pt","por","Moçambique","Moçambique",""
"NA","NAM","516","en","eng","Namibia","NAMIBIA","the Republic of Namibia"
"NA","NAM","516","fr","fra","Namibie (la)","NAMIBIE","la République de Namibie"
"NC","NCL","540","en","eng","New Caledonia","NEW CALEDONIA",""
"NC","NCL","540","fr","fra","Nouvelle-Calédonie (la)","NOUVELLE-CALÉDONIE",""
"NE","NER","562","en","eng","Niger (the)","NIGER","the Republic of the Niger"
"NE","NER","562","fr","fra","Niger (le)","NIGER","la République du Niger"
"NF","NFK","574","en","eng","Norfolk Island","NORFOLK ISLAND",""
"NF","NFK","574","fr","fra","Norfolk (l'Île)","NORFOLK, ÎLE",""
"NG","NGA","566","en","eng","Nigeria","NIGERIA","the Federal Republic of Nigeria"
"NG","NGA","566","fr","fra","Nigéria (le)","NIGÉRIA","la République fédérale du Nigéria"
"NH","NHB","","en","eng","New Hebrides","NEW HEBRIDES",""
"NH","NHB","","fr","fra","Nouvelles-Hébrides","NOUVELLES-HÉBRIDES",""
"NI","NIC","558","en","eng","Nicaragua","NICARAGUA","the Republic of Nicaragua"
"NI","NIC","558","fr","fra","Nicaragua (le)","NICARAGUA","la République du Nicaragua"
"NI","NIC","558","es","spa","Nicaragua","Nicaragua",""
"NL","NLD","528","en","eng","Netherlands (the)","NETHERLANDS","the Kingdom of the Netherlands"
"NL","NLD","528","fr","fra","Pays-Bas (les)","PAYS-BAS","le Royaume des Pays-Bas"
"NL","NLD","528","nl","nld","Nederland","Nederland",""
"NO","NOR","578","en","eng","Norway","NORWAY","the Kingdom of Norway"
"NO","NOR","578","fr","fra","Norvège (la)","NORVÈGE","le Royaume de Norvège"
"NO","NOR","578","nn","nno","Noreg","Noreg",""
"NO","NOR","578","nb","nob","Norge","Norge",""
"NP","NPL","524","en","eng","Nepal","NEPAL","the Federal Democratic Republic of Nepal"
"NP","NPL","524","fr","fra","Népal (le)","NÉPAL","la République fédérale démocratique du Népal"
"NP","NPL","524","ne","nep","Nepāl","Nepāl",""
"NQ","ATN","216","en","eng","Dronning Maud Land","DRONNING MAUD LAND",""
"NQ","ATN","216","fr","fra","Terre de la Reine Maud","TERRE DE LA REINE MAUD",""
"NR","NRU","520","en","eng","Nauru","NAURU","the Republic of Nauru"
"NR","NRU","520","fr","fra","Nauru","NAURU","la République de Nauru"
"NR","NRU","520","na","nau","Naoero","Naoero",""
"NT","NTZ","536","en","eng","Neutral Zone","Neutral Zone",""
"NT","NTZ","536","fr","fra","Zone neutre","ZONE NEUTRE",""
"NU","NIU","570","en","eng","Niue","NIUE",""
"NU","NIU","570","fr","fra","Niue","NIUE",""
"NU","NIU","570","","niu","Niue","Niue",""
"NZ","NZL","554","en","eng","New Zealand","NEW ZEALAND",""
"NZ","NZL","554","fr","fra","Nouvelle-Zélande (la)","NOUVELLE-ZÉLANDE",""
"NZ","NZL","554","mi","mri","Aotearoa","Aotearoa",""
"OM","OMN","512","en","eng","Oman","OMAN","the Sultanate of Oman"
"OM","OMN","512","fr","fra","Oman","OMAN","le Sultanat d'Oman"
"OM","OMN","512","ar","ara","‘Umān","‘Umān",""
"PA","PAN","591","en","eng","Panama","PANAMA","the Republic of Panama"
"PA","PAN","591","fr","fra","Panama (le)","PANAMA","la République du Panama"
"PA","PAN","591","es","spa","Panamá","Panamá",""
"PC","PCI","582","en","eng","Pacific Islands (Trust Territory)","PACIFIC ISLANDS (TRUST TERRITORY)",""
"PC","PCI","582","fr","fra","Pacifique, Îles du (territoire sous tutelle)","PACIFIQUE, ÎLES DU (TERRITOIRE SOUS TUTELLE)",""
"PE","PER","604","en","eng","Peru","PERU","the Republic of Peru"
"PE","PER","604","fr","fra","Pérou (le)","PÉROU","la République du Pérou"
"PE","PER","604","ay","aym","Perú","Perú",""
"PE","PER","604","qu","que","Perú","Perú",""
"PE","PER","604","es","spa","Perú (el)","Perú (el)",""
"PF","PYF","258","en","eng","French Polynesia","FRENCH POLYNESIA",""
"PF","PYF","258","fr","fra","Polynésie française (la)","POLYNÉSIE FRANÇAISE",""
"PG","PNG","598","en","eng","Papua New Guinea","PAPUA NEW GUINEA","the Independent State of Papua New Guinea"
"PG","PNG","598","fr","fra","Papouasie-Nouvelle-Guinée (la)","PAPOUASIE-NOUVELLE-GUINÉE","l'État indépendant de Papouasie-Nouvelle-Guinée"
"PG","PNG","598","ho","hmo","Papuaniugini","Papuaniugini",""
"PG","PNG","598","","tpi","Papuaniugini","Papuaniugini",""
"PH","PHL","608","en","eng","Philippines (the)","PHILIPPINES","the Republic of the Philippines"
"PH","PHL","608","fr","fra","Philippines (les)","PHILIPPINES","la République des Philippines"
"PH","PHL","608","tl","tgl","Pilipinas","Pilipinas",""
"PK","PAK","586","en","eng","Pakistan","PAKISTAN","the Islamic Republic of Pakistan"
"PK","PAK","586","fr","fra","Pakistan (le)","PAKISTAN","la République islamique du Pakistan"
"PK","PAK","586","ur","urd","Pākistān","Pākistān",""
"PL","POL","616","en","eng","Poland","POLAND","the Republic of Poland"
"PL","POL","616","fr","fra","Pologne (la)","POLOGNE","la République de Pologne"
"PL","POL","616","pl","pol","Polska","Polska",""
"PM","SPM","666","en","eng","Saint Pierre and Miquelon","SAINT PIERRE AND MIQUELON",""
"PM","SPM","666","fr","fra","Saint-Pierre-et-Miquelon","SAINT-PIERRE-ET-MIQUELON",""
"PN","PCN","612","en","eng","Pitcairn","PITCAIRN",""
"PN","PCN","612","fr","fra","Pitcairn","PITCAIRN",""
"PR","PRI","630","en","eng","Puerto Rico","PUERTO RICO",""
"PR","PRI","630","fr","fra","Porto Rico","PORTO RICO",""
"PR","PRI","630","es","spa","Puerto Rico","Puerto Rico",""
"PS","PSE","275","en","eng","Palestine, State of","PALESTINE, STATE OF","the State of Palestine"
"PS","PSE","275","fr","fra","Palestine, État de","PALESTINE, ÉTAT DE","l'État de Palestine"
"PS","PSE","275","ar","ara","Dawlat Filasţīn","Dawlat Filasţīn",""
"PT","PRT","620","en","eng","Portugal","PORTUGAL","the Portuguese Republic"
"PT","PRT","620","fr","fra","Portugal (le)","PORTUGAL","la République portugaise"
"PT","PRT","620","pt","por","Portugal","Portugal",""
"PU","PUS","849","en","eng","United States Miscellaneous Pacific Islands","UNITED STATES MISCELLANEOUS PACIFIC ISLANDS",""
"PU","PUS","849","fr","fra","Pacifique, Diverses îles du (États-Unis)","PACIFIQUE, DIVERSES ÎLES DU (ÉTATS-UNIS)",""
"PW","PLW","585","en","eng","Palau","PALAU","the Republic of Palau"
"PW","PLW","585","fr","fra","Palaos (les)","PALAOS","la République des Palaos"
"PW","PLW","585","","pau","Belau","Belau",""
"PY","PRY","600","en","eng","Paraguay","PARAGUAY","the Republic of Paraguay"
"PY","PRY","600","fr","fra","Paraguay (le)","PARAGUAY","la République du Paraguay"
"PY","PRY","600","gn","grn","Paraguay","Paraguay",""
"PY","PRY","600","es","spa","Paraguay (el)","Paraguay (el)",""
"PZ","PCZ","","en","eng","Panama Canal Zone","PANAMA CANAL ZONE",""
"PZ","PCZ","","fr","fra","Panama, Zone du Canal de","PANAMA, ZONE DU CANAL DE",""
"QA","QAT","634","en","eng","Qatar","QATAR","the State of Qatar"
"QA","QAT","634","fr","fra","Qatar (le)","QATAR","l'État du Qatar"
"QA","QAT","634","ar","ara","Qaţar","Qaţar",""
"RE","REU","638","en","eng","Réunion","RÉUNION",""
"RE","REU","638","fr","fra","Réunion (La)","RÉUNION",""
"RH","RHO","","en","eng","Southern Rhodesia","SOUTHERN RHODESIA",""
"RH","RHO","","fr","fra","Rhodésie du Sud","RHODÉSIE DU SUD",""
"RO","ROU","642","en","eng","Romania","ROMANIA",""
"RO","ROU","642","fr","fra","Roumanie (la)","ROUMANIE",""
"RO","ROU","642","ro","ron","România","România",""
"RS","SRB","688","en","eng","Serbia","SERBIA","the Republic of Serbia"
"RS","SRB","688","fr","fra","Serbie (la)","SERBIE","la République de Serbie"
"RS","SRB","688","sr","srp","Srbija","Srbija",""
"RU","RUS","643","en","eng","Russian Federation (the)","RUSSIAN FEDERATION","the Russian Federation"
"RU","RUS","643","fr","fra","Russie (la Fédération de)","RUSSIE, FÉDÉRATION DE","la Fédération de Russie"
"RU","RUS","643","ru","rus","Rossijskaja Federacija","Rossijskaja Federacija",""
"RW","RWA","646","en","eng","Rwanda","RWANDA","the Republic of Rwanda"
"RW","RWA","646","fr","fra","Rwanda (le)","RWANDA","la République du Rwanda"
"RW","RWA","646","rw","kin","Rwanda","Rwanda",""
"SA","SAU","682","en","eng","Saudi Arabia","SAUDI ARABIA","the Kingdom of Saudi Arabia"
"SA","SAU","682","fr","fra","Arabie saoudite (l')","ARABIE SAOUDITE","le Royaume d'Arabie saoudite"
"SA","SAU","682","ar","ara","As Su‘ūdīyah","As Su‘ūdīyah",""
"SB","SLB","090","fr","fra","Salomon (les Îles)","SALOMON, ÎLES","les Îles Salomon"
"SB","SLB","090","en","eng","Solomon Islands","SOLOMON ISLANDS",""
"SC","SYC","690","en","eng","Seychelles","SEYCHELLES","the Republic of Seychelles"
"SC","SYC","690","fr","fra","Seychelles (les)","SEYCHELLES","la République des Seychelles"
"SC","SYC","690","","crs","Sesel","Sesel",""
"SD","SDN","729","en","eng","Sudan (the)","SUDAN","the Republic of the Sudan"
"SD","SDN","729","fr","fra","Soudan (le)","SOUDAN","la République du Soudan"
"SD","SDN","729","ar","ara","As Sūdān","As Sūdān",""
"SE","SWE","752","en","eng","Sweden","SWEDEN","the Kingdom of Sweden"
"SE","SWE","752","fr","fra","Suède (la)","SUÈDE","le Royaume de Suède"
"SE","SWE","752","sv","swe","Sverige","Sverige",""
"SG","SGP","702","en","eng","Singapore","SINGAPORE","the Republic of Singapore"
"SG","SGP","702","fr","fra","Singapour","SINGAPOUR","la République de Singapour"
"SG","SGP","702","ms","msa","Singapura","Singapura",""
"SG","SGP","702","ta","tam","Chiṅkappūr","Chiṅkappūr",""
"SG","SGP","702","zh","zho","Xinjiapo","Xinjiapo",""
"SH","SHN","654","en","eng","Saint Helena, Ascension and Tristan da Cunha","SAINT HELENA, ASCENSION AND TRISTAN DA CUNHA",""
"SH","SHN","654","fr","fra","Sainte-Hélène, Ascension et Tristan da Cunha","SAINTE-HÉLÈNE, ASCENSION ET TRISTAN DA CUNHA",""
"SI","SVN","705","en","eng","Slovenia","SLOVENIA","the Republic of Slovenia"
"SI","SVN","705","fr","fra","Slovénie (la)","SLOVÉNIE","la République de Slovénie"
"SI","SVN","705","sl","slv","Slovenija","Slovenija",""
"SJ","SJM","744","en","eng","Svalbard and Jan Mayen","SVALBARD AND JAN MAYEN",""
"SJ","SJM","744","fr","fra","Svalbard et l'Île Jan Mayen (le)","SVALBARD ET ÎLE JAN MAYEN",""
"SJ","SJM","744","nn","nno","Svalbard og Jan Mayen","Svalbard og Jan Mayen",""
"SJ","SJM","744","nb","nob","Svalbard og Jan Mayen","Svalbard og Jan Mayen",""
"SK","SKM","","en","eng","Sikkim","SIKKIM",""
"SK","SKM","","fr","fra","Sikkim","SIKKIM",""
"SK","SVK","703","en","eng","Slovakia","SLOVAKIA","the Slovak Republic"
"SK","SVK","703","fr","fra","Slovaquie (la)","SLOVAQUIE","la République slovaque"
"SK","SVK","703","sk","slk","Slovensko","Slovensko",""
"SL","SLE","694","en","eng","Sierra Leone","SIERRA LEONE","the Republic of Sierra Leone"
"SL","SLE","694","fr","fra","Sierra Leone (la)","SIERRA LEONE","la République de Sierra Leone"
"SM","SMR","674","en","eng","San Marino","SAN MARINO","the Republic of San Marino"
"SM","SMR","674","fr","fra","Saint-Marin","SAINT-MARIN","la République de Saint-Marin"
"SM","SMR","674","it","ita","San Marino","San Marino",""
"SN","SEN","686","en","eng","Senegal","SENEGAL","the Republic of Senegal"
"SN","SEN","686","fr","fra","Sénégal (le)","SÉNÉGAL","la République du Sénégal"
"SO","SOM","706","en","eng","Somalia","SOMALIA","the Federal Republic of Somalia"
"SO","SOM","706","fr","fra","Somalie (la)","SOMALIE","la République fédérale de Somalie"
"SO","SOM","706","ar","ara","Aş Şūmāl","Aş Şūmāl",""
"SO","SOM","706","so","som","Soomaaliya","Soomaaliya",""
"SR","SUR","740","en","eng","Suriname","SURINAME","the Republic of Suriname"
"SR","SUR","740","fr","fra","Suriname (le)","SURINAME","la République du Suriname"
"SR","SUR","740","nl","nld","Suriname","Suriname",""
"SS","SSD","728","en","eng","South Sudan","SOUTH SUDAN","the Republic of South Sudan"
"SS","SSD","728","fr","fra","Soudan du Sud (le)","SOUDAN DU SUD","la République du Soudan du Sud"
"ST","STP","678","en","eng","Sao Tome and Principe","SAO TOME AND PRINCIPE","the Democratic Republic of Sao Tome and Principe"
"ST","STP","678","fr","fra","Sao Tomé-et-Principe","SAO TOMÉ-ET-PRINCIPE","la République démocratique de Sao Tomé-et-Principe"
"ST","STP","678","pt","por","São Tomé e Príncipe","São Tomé e Príncipe",""
"SU","SUN","810","en","eng","USSR","USSR",""
"SU","SUN","810","fr","fra","URSS","URSS",""
"SV","SLV","222","en","eng","El Salvador","EL SALVADOR","the Republic of El Salvador"
"SV","SLV","222","fr","fra","El Salvador","EL SALVADOR","la République d'El Salvador"
"SV","SLV","222","es","spa","El Salvador","El Salvador",""
"SX","SXM","534","en","eng","Sint Maarten (Dutch part)","SINT MAARTEN (DUTCH PART)",""
"SX","SXM","534","fr","fra","Saint-Martin (partie néerlandaise)","SAINT-MARTIN (PARTIE NÉERLANDAISE)",""
"SX","SXM","534","nl","nld","Sint Maarten","Sint Maarten",""
"SY","SYR","760","en","eng","Syrian Arab Republic (the)","SYRIAN ARAB REPUBLIC","the Syrian Arab Republic"
"SY","SYR","760","fr","fra","République arabe syrienne (la)","SYRIENNE, RÉPUBLIQUE ARABE","la République arabe syrienne"
"SY","SYR","760","ar","ara","Al Jumhūrīyah al ‘Arabīyah as Sūrīyah","Al Jumhūrīyah al ‘Arabīyah as Sūrīyah",""
"SZ","SWZ","748","en","eng","Eswatini","ESWATINI","the Kingdom of Eswatini"
"SZ","SWZ","748","fr","fra","Eswatini (l')","ESWATINI","le Royaume d’Eswatini"
"SZ","SWZ","748","ss","ssw","eSwatini","eSwatini",""
"TC","TCA","796","en","eng","Turks and Caicos Islands (the)","TURKS AND CAICOS ISLANDS",""
"TC","TCA","796","fr","fra","Turks-et-Caïcos (les Îles)","TURKS-ET-CAÏCOS, ÎLES",""
"TD","TCD","148","en","eng","Chad","CHAD","the Republic of Chad"
"TD","TCD","148","fr","fra","Tchad (le)","TCHAD","la République du Tchad"
"TD","TCD","148","ar","ara","Tshād","Tshād",""
"TF","ATF","260","en","eng","French Southern Territories (the)","FRENCH SOUTHERN TERRITORIES",""
"TF","ATF","260","fr","fra","Terres australes françaises (les)","TERRES AUSTRALES FRANÇAISES",""
"TG","TGO","768","en","eng","Togo","TOGO","the Togolese Republic"
"TG","TGO","768","fr","fra","Togo (le)","TOGO","la République togolaise"
"TH","THA","764","en","eng","Thailand","THAILAND","the Kingdom of Thailand"
"TH","THA","764","fr","fra","Thaïlande (la)","THAÏLANDE","le Royaume de Thaïlande"
"TH","THA","764","th","tha","Prathet Thai","Prathet Thai",""
"TJ","TJK","762","en","eng","Tajikistan","TAJIKISTAN","the Republic of Tajikistan"
"TJ","TJK","762","fr","fra","Tadjikistan (le)","TADJIKISTAN","la République du Tadjikistan"
"TJ","TJK","762","tg","tgk","Tojikiston","Tojikiston",""
"TK","TKL","772","en","eng","Tokelau","TOKELAU",""
"TK","TKL","772","fr","fra","Tokelau (les)","TOKELAU",""
"TK","TKL","772","","tkl","Tokelau","TOKELAU",""
"TL","TLS","626","en","eng","Timor-Leste","TIMOR-LESTE","the Democratic Republic of Timor-Leste"
"TL","TLS","626","fr","fra","Timor-Leste (le)","TIMOR-LESTE","la République démocratique du Timor-Leste"
"TL","TLS","626","pt","por","Timor-Leste","Timor-Leste",""
"TL","TLS","626","","tet","Timor Lorosa'e","Timor Lorosa'e",""
"TM","TKM","795","en","eng","Turkmenistan","TURKMENISTAN",""
"TM","TKM","795","fr","fra","Turkménistan (le)","TURKMÉNISTAN",""
"TM","TKM","795","tk","tuk","Türkmenistan","Türkmenistan",""
"TN","TUN","788","en","eng","Tunisia","TUNISIA","the Republic of Tunisia"
"TN","TUN","788","fr","fra","Tunisie (la)","TUNISIE","la République tunisienne"
"TN","TUN","788","ar","ara","Tūnis","Tūnis",""
"TO","TON","776","en","eng","Tonga","TONGA","the Kingdom of Tonga"
"TO","TON","776","fr","fra","Tonga (les)","TONGA","le Royaume des Tonga"
"TO","TON","776","to","ton","Tonga","Tonga",""
"TP","TMP","626","en","eng","East Timor","East Timor",""
"TP","TMP","626","fr","fra","Timor oriental","TIMOR ORIENTAL",""
"TR","TUR","792","en","eng","Turkey","TURKEY","the Republic of Turkey"
"TR","TUR","792","fr","fra","Turquie (la)","TURQUIE","la République turque"
"TR","TUR","792","tr","tur","Türkiye","Türkiye",""
"TT","TTO","780","en","eng","Trinidad and Tobago","TRINIDAD AND TOBAGO","the Republic of Trinidad and Tobago"
"TT","TTO","780","fr","fra","Trinité-et-Tobago (la)","TRINITÉ-ET-TOBAGO","la République de Trinité-et-Tobago"
"TV","TUV","798","en","eng","Tuvalu","TUVALU",""
"TV","TUV","798","fr","fra","Tuvalu (les)","TUVALU",""
"TV","TUV","798","","tvl","Tuvalu","Tuvalu",""
"TW","TWN","158","en","eng","Taiwan (Province of China)","TAIWAN, PROVINCE OF CHINA",""
"TW","TWN","158","fr","fra","Taïwan (Province de Chine)","TAÏWAN, PROVINCE DE CHINE",""
"TW","TWN","158","zh","zho","Taiwan","Taiwan",""
"TZ","TZA","834","en","eng","Tanzania, the United Republic of","TANZANIA, UNITED REPUBLIC OF","the United Republic of Tanzania"
"TZ","TZA","834","fr","fra","Tanzanie (la République-Unie de)","TANZANIE, RÉPUBLIQUE-UNIE DE","la République-Unie de Tanzanie"
"TZ","TZA","834","sw","swa","Jamhuri ya Muungano wa Tanzania","Jamhuri ya Muungano wa Tanzania",""
"UA","UKR","804","en","eng","Ukraine","UKRAINE",""
"UA","UKR","804","fr","fra","Ukraine (l')","UKRAINE",""
"UA","UKR","804","uk","ukr","Ukraina","Ukraina",""
"UG","UGA","800","en","eng","Uganda","UGANDA","the Republic of Uganda"
"UG","UGA","800","fr","fra","Ouganda (l')","OUGANDA","la République d'Ouganda"
"UM","UMI","581","en","eng","United States Minor Outlying Islands (the)","UNITED STATES MINOR OUTLYING ISLANDS",""
"UM","UMI","581","fr","fra","Îles mineures éloignées des États-Unis (les)","ÎLES MINEURES ÉLOIGNÉES DES ÉTATS-UNIS",""
"US","USA","840","en","eng","United States of America (the)","UNITED STATES OF AMERICA","the United States of America"
"US","USA","840","fr","fra","États-Unis d'Amérique (les)","ÉTATS-UNIS D'AMÉRIQUE","les États-Unis d'Amérique"
"UY","URY","858","en","eng","Uruguay","URUGUAY","the Eastern Republic of Uruguay"
"UY","URY","858","fr","fra","Uruguay (l')","URUGUAY","la République orientale de l'Uruguay"
"UY","URY","858","es","spa","Uruguay (el)","Uruguay (el)",""
"UZ","UZB","860","en","eng","Uzbekistan","UZBEKISTAN","the Republic of Uzbekistan"
"UZ","UZB","860","fr","fra","Ouzbékistan (l')","OUZBÉKISTAN","la République d'Ouzbékistan"
"UZ","UZB","860","uz","uzb","O‘zbekiston","O‘zbekiston",""
"VA","VAT","336","en","eng","Holy See (the)","HOLY SEE",""
"VA","VAT","336","fr","fra","Saint-Siège (le)","SAINT-SIÈGE",""
"VA","VAT","336","it","ita","Santa Sede (la)","Santa Sede (la)",""
"VA","VAT","336","la","lat","Sancta Sedes","Sancta Sedes",""
"VC","VCT","670","en","eng","Saint Vincent and the Grenadines","SAINT VINCENT AND THE GRENADINES",""
"VC","VCT","670","fr","fra","Saint-Vincent-et-les Grenadines","SAINT-VINCENT-ET-LES GRENADINES",""
"VD","VDR","","en","eng","Viet-Nam, Democratic Republic of","VIET-NAM, DEMOCRATIC REPUBLIC OF",""
"VD","VDR","","fr","fra","Viet-Nam, République démocratique du","VIET-NAM, RÉPUBLIQUE DÉMOCRATIQUE DU",""
"VE","VEN","862","en","eng","Venezuela (Bolivarian Republic of)","VENEZUELA (BOLIVARIAN REPUBLIC OF)","the Bolivarian Republic of Venezuela"
"VE","VEN","862","fr","fra","Venezuela (République bolivarienne du)","VENEZUELA (RÉPUBLIQUE BOLIVARIENNE DU)","la République bolivarienne du Venezuela"
"VE","VEN","862","es","spa","Venezuela, República Bolivariana de","Venezuela, República Bolivariana de",""
"VG","VGB","092","en","eng","Virgin Islands (British)","VIRGIN ISLANDS (BRITISH)","British Virgin Islands (the)"
"VG","VGB","092","fr","fra","Vierges britanniques (les Îles)","ÎLES VIERGES BRITANNIQUES",""
"VI","VIR","850","en","eng","Virgin Islands (U.S.)","VIRGIN ISLANDS (U.S.)","the Virgin Islands of the United States"
"VI","VIR","850","fr","fra","Vierges des États-Unis (les Îles)","ÎLES VIERGES DES ÉTATS-UNIS",""
"VN","VNM","704","en","eng","Viet Nam","VIET NAM","the Socialist Republic of Viet Nam"
"VN","VNM","704","fr","fra","Viet Nam (le)","VIET NAM","la République socialiste du Viet Nam"
"VN","VNM","704","vi","vie","Việt Nam","Việt Nam",""
"VU","VUT","548","en","eng","Vanuatu","VANUATU","the Republic of Vanuatu"
"VU","VUT","548","fr","fra","Vanuatu (le)","VANUATU","la République du Vanuatu"
"VU","VUT","548","bi","bis","Vanuatu","Vanuatu",""
"WF","WLF","876","en","eng","Wallis and Futuna","WALLIS AND FUTUNA","Wallis and Futuna Islands"
"WF","WLF","876","fr","fra","Wallis-et-Futuna ","WALLIS-ET-FUTUNA","les Îles Wallis-et-Futuna"
"WK","WAK","872","en","eng","Wake Island","WAKE ISLAND",""
"WK","WAK","872","fr","fra","Wake, Île de","WAKE, ÎLE DE",""
"WS","WSM","882","en","eng","Samoa","SAMOA","the Independent State of Samoa"
"WS","WSM","882","fr","fra","Samoa (le)","SAMOA","l'État indépendant du Samoa"
"WS","WSM","882","sm","smo","Samoa","Samoa",""
"YD","YMD","720","en","eng","Yemen, Democratic","YEMEN, DEMOCRATIC",""
"YD","YMD","720","fr","fra","Yémen démocratique","YÉMEN DÉMOCRATIQUE",""
"YE","YEM","887","en","eng","Yemen","YEMEN","the Republic of Yemen"
"YE","YEM","887","fr","fra","Yémen (le)","YÉMEN","la République du Yémen"
"YE","YEM","887","ar","ara","Al Yaman","Al Yaman",""
"YT","MYT","175","en","eng","Mayotte","MAYOTTE",""
"YT","MYT","175","fr","fra","Mayotte","MAYOTTE",""
"YU","YUG","891","en","eng","Yugoslavia","Yugoslavia",""
"YU","YUG","891","fr","fra","Yougoslavie","YOUGOSLAVIE",""
"ZA","ZAF","710","en","eng","South Africa","SOUTH AFRICA","the Republic of South Africa"
"ZA","ZAF","710","fr","fra","Afrique du Sud (l')","AFRIQUE DU SUD","la République sud-africaine"
"ZA","ZAF","710","af","afr","Suid-Afrika","Suid-Afrika",""
"ZA","ZAF","710","nr","nbl","Sewula Afrika","Sewula Afrika",""
"ZA","ZAF","710","","nso","Afrika-Borwa","Afrika-Borwa",""
"ZA","ZAF","710","st","sot","Afrika-Borwa","Afrika-Borwa",""
"ZA","ZAF","710","ss","ssw","Ningizimu Afrika","Ningizimu Afrika",""
"ZA","ZAF","710","tn","tsn","Afrika-Borwa","Afrika-Borwa",""
"ZA","ZAF","710","ts","tso","Afrika-Dzonga","Afrika-Dzonga",""
"ZA","ZAF","710","ve","ven","Afrika Tshipembe","Afrika Tshipembe",""
"ZA","ZAF","710","xh","xho","Mzantsi Afrika","Mzantsi Afrika",""
"ZA","ZAF","710","zu","zul","Ningizimu Afrika","Ningizimu Afrika",""
"ZM","ZMB","894","en","eng","Zambia","ZAMBIA","the Republic of Zambia"
"ZM","ZMB","894","fr","fra","Zambie (la)","ZAMBIE","la République de Zambie"
"ZR","ZAR","180","en","eng","Zaire","Zaire",""
"ZR","ZAR","180","fr","fra","Zaïre","ZAÏRE",""
"ZW","ZWE","716","en","eng","Zimbabwe","ZIMBABWE","the Republic of Zimbabwe"
"ZW","ZWE","716","fr","fra","Zimbabwe (le)","ZIMBABWE","la République du Zimbabwe"
